{
  "all": 77.33669656746581,
  "conference": 74.06482610084849,
  "non_conference": 78.22741288509292,
  "fcs": 92.19054580896686,
  "year 2013": 79.06839622641509,
  "year 2014": 78.36844415185429,
  "year 2015": 78.03387779794313,
  "year 2016": 76.16320296732668,
  "year 2017": 76.2885474555955,
  "year 2018": 76.90152984270632,
  "year 2019": 78.10168035647179,
  "year 2020": 75.23809523809524,
  "week 1": 70.96194186394965,
  "week 2": 71.17171111777046,
  "week 3": 73.05963440215763,
  "week 4": 73.71890919988013,
  "week 5": 74.72280491459394,
  "week 6": 75.02247527719508,
  "week 7": 76.10128858255919,
  "week 8": 77.15013485166317,
  "week 9": 78.00419538507641,
  "week 10": 78.27389871141744,
  "week 11": 78.96314054540005,
  "week 12": 79.3676955349116,
  "week 13": 79.3676955349116,
  "week 14": 79.74228348816303,
  "week 15": 79.87713515133353,
  "week 16": 79.90710218759365,
  "week 17": 79.86215163320347,
  "week 18": 79.87713515133353,
  "week 19": 80.07192088702428,
  "week 20": 80.01378359751895,
  "week 21": 79.82243744955609
}