{
  "all": 75.32332391853723,
  "conference": 72.26870078740157,
  "non_conference": 76.59574468085107,
  "championship": 70.45454545454545,
  "fcs": 92.5,
  "bowl": 63.00940438871473,
  "year 2013": 75.68208778173191,
  "year 2014": 81.26338329764454,
  "year 2015": 73.78752886836027,
  "year 2016": 72.24770642201835,
  "year 2017": 74.42660550458714,
  "year 2018": 75.1131221719457,
  "year 2019": 76.01351351351352,
  "year 2020": 72.7112676056338,
  "week 1": 81.22923588039868,
  "week 2": 82.9090909090909,
  "week 3": 82.78008298755186,
  "week 4": 78.53881278538812,
  "week 5": 72.3404255319149,
  "week 6": 70.97560975609755,
  "week 7": 68.76513317191282,
  "week 8": 73.79310344827587,
  "week 9": 71.29411764705881,
  "week 10": 76.88787185354691,
  "week 11": 76.08200455580865,
  "week 12": 75.87719298245614,
  "week 13": 72.90322580645162,
  "week 14": 74.91408934707904,
  "week 15": 69.84126984126983,
  "week 16": 75.0
}